0.0,-5.302999090598947,0.0,-1.0294927119494672,0.0,0.0,8.00786860820059,0.6215501488363486,8.262643810489774,0.0,-11.039271616981669,0.0,0.0,-0.17079905683521002,10.433953201268805,0.0,0.0,0.0,-2.509499107635809,-5.158158419659403,0.0,0.0,6.469207367801699,-12.264660859245547,0.0,-12.56481108574328,11.085420526469136,0.0,0.0,0.0,-3.0618450052253907,0.9884573554442317,0.0,12.875275797435396,0.0,0.0,-0.08006851463730102,-5.975112823015592,5.732251290944825,0.27180351284456794,5.586814469442231,0.0,7.21219864129619,0.9689226894238079,0.0,2.7941104069811393,0.0,1.5736860791897125,0.0,10.357731134749137,-4.303227237268097,6.137379857867197,0.0,-2.39857218170977,0.0,0.0,-1.4275671141347746,-4.3412192756204195,0.0,4.1850634154867326,-0.8791877938071886,2.580818813174335,-1.8928682848135976,8.40765351368122,-14.496410240238209,-4.248502510744194,0.0,1.673705090463903,0.0,-1.8771428219000708,0.0,0.0,0.0,0.0,0.0,0.0,-0.9101503311155694,-0.6813766552873526,0.0,0.0,-1.870910352165808,-2.9364193254200526,0.0,0.0,-1.579274096069328,0.0,-8.523951741390363,0.0,0.0,0.0,4.954479660100471,8.113828717033247,-5.106944860438004,-10.41010682344189,0.0,-1.8236304973181041,-4.100732405759259,-4.915876639704027,-2.3782547320740735,8.75206120935224
0.0,5.302999090598947,0.0,1.0294927119494672,0.0,0.0,-8.00786860820059,-0.6215501488363486,-8.262643810489774,0.0,11.039271616981669,0.0,0.0,0.17079905683521002,-10.433953201268805,0.0,0.0,0.0,2.509499107635809,5.158158419659403,0.0,0.0,-6.469207367801699,12.264660859245547,0.0,12.56481108574328,-11.085420526469136,0.0,0.0,0.0,3.0618450052253907,-0.9884573554442317,0.0,-12.875275797435396,0.0,0.0,0.08006851463730102,5.975112823015592,-5.732251290944825,-0.27180351284456794,-5.586814469442231,0.0,-7.21219864129619,-0.9689226894238079,0.0,-2.7941104069811393,0.0,-1.5736860791897125,0.0,-10.357731134749137,4.303227237268097,-6.137379857867197,0.0,2.39857218170977,0.0,0.0,1.4275671141347746,4.3412192756204195,0.0,-4.1850634154867326,0.8791877938071886,-2.580818813174335,1.8928682848135976,-8.40765351368122,14.496410240238209,4.248502510744194,0.0,-1.673705090463903,0.0,1.8771428219000708,0.0,0.0,0.0,0.0,0.0,0.0,0.9101503311155694,0.6813766552873526,0.0,0.0,1.870910352165808,2.9364193254200526,0.0,0.0,1.579274096069328,0.0,8.523951741390363,0.0,0.0,0.0,-4.954479660100471,-8.113828717033247,5.106944860438004,10.41010682344189,0.0,1.8236304973181041,4.100732405759259,4.915876639704027,2.3782547320740735,-8.75206120935224
0.0,5.302999090598947,0.0,1.0294927119494672,0.0,0.0,-8.00786860820059,-0.6215501488363486,-8.262643810489774,0.0,11.039271616981669,0.0,0.0,0.17079905683521002,-10.433953201268805,0.0,0.0,0.0,2.509499107635809,5.158158419659403,0.0,0.0,-6.469207367801699,12.264660859245547,0.0,12.56481108574328,-11.085420526469136,0.0,0.0,0.0,3.0618450052253907,-0.9884573554442317,0.0,-12.875275797435396,0.0,0.0,0.08006851463730102,5.975112823015592,-5.732251290944825,-0.27180351284456794,-5.586814469442231,0.0,-7.21219864129619,-0.9689226894238079,0.0,-2.7941104069811393,0.0,-1.5736860791897125,0.0,-10.357731134749137,4.303227237268097,-6.137379857867197,0.0,2.39857218170977,0.0,0.0,1.4275671141347746,4.3412192756204195,0.0,-4.1850634154867326,0.8791877938071886,-2.580818813174335,1.8928682848135976,-8.40765351368122,14.496410240238209,4.248502510744194,0.0,-1.673705090463903,0.0,1.8771428219000708,0.0,0.0,0.0,0.0,0.0,0.0,0.9101503311155694,0.6813766552873526,0.0,0.0,1.870910352165808,2.9364193254200526,0.0,0.0,1.579274096069328,0.0,8.523951741390363,0.0,0.0,0.0,-4.954479660100471,-8.113828717033247,5.106944860438004,10.41010682344189,0.0,1.8236304973181041,4.100732405759259,4.915876639704027,2.3782547320740735,-8.75206120935224
0.0,5.302999090598947,0.0,1.0294927119494672,0.0,0.0,-8.00786860820059,-0.6215501488363486,-8.262643810489774,0.0,11.039271616981669,0.0,0.0,0.17079905683521002,-10.433953201268805,0.0,0.0,0.0,2.509499107635809,5.158158419659403,0.0,0.0,-6.469207367801699,12.264660859245547,0.0,12.56481108574328,-11.085420526469136,0.0,0.0,0.0,3.0618450052253907,-0.9884573554442317,0.0,-12.875275797435396,0.0,0.0,0.08006851463730102,5.975112823015592,-5.732251290944825,-0.27180351284456794,-5.586814469442231,0.0,-7.21219864129619,-0.9689226894238079,0.0,-2.7941104069811393,0.0,-1.5736860791897125,0.0,-10.357731134749137,4.303227237268097,-6.137379857867197,0.0,2.39857218170977,0.0,0.0,1.4275671141347746,4.3412192756204195,0.0,-4.1850634154867326,0.8791877938071886,-2.580818813174335,1.8928682848135976,-8.40765351368122,14.496410240238209,4.248502510744194,0.0,-1.673705090463903,0.0,1.8771428219000708,0.0,0.0,0.0,0.0,0.0,0.0,0.9101503311155694,0.6813766552873526,0.0,0.0,1.870910352165808,2.9364193254200526,0.0,0.0,1.579274096069328,0.0,8.523951741390363,0.0,0.0,0.0,-4.954479660100471,-8.113828717033247,5.106944860438004,10.41010682344189,0.0,1.8236304973181041,4.100732405759259,4.915876639704027,2.3782547320740735,-8.75206120935224
0.0,-5.302999090598947,0.0,-1.0294927119494672,0.0,0.0,8.00786860820059,0.6215501488363486,8.262643810489774,0.0,-11.039271616981669,0.0,0.0,-0.17079905683521002,10.433953201268805,0.0,0.0,0.0,-2.509499107635809,-5.158158419659403,0.0,0.0,6.469207367801699,-12.264660859245547,0.0,-12.56481108574328,11.085420526469136,0.0,0.0,0.0,-3.0618450052253907,0.9884573554442317,0.0,12.875275797435396,0.0,0.0,-0.08006851463730102,-5.975112823015592,5.732251290944825,0.27180351284456794,5.586814469442231,0.0,7.21219864129619,0.9689226894238079,0.0,2.7941104069811393,0.0,1.5736860791897125,0.0,10.357731134749137,-4.303227237268097,6.137379857867197,0.0,-2.39857218170977,0.0,0.0,-1.4275671141347746,-4.3412192756204195,0.0,4.1850634154867326,-0.8791877938071886,2.580818813174335,-1.8928682848135976,8.40765351368122,-14.496410240238209,-4.248502510744194,0.0,1.673705090463903,0.0,-1.8771428219000708,0.0,0.0,0.0,0.0,0.0,0.0,-0.9101503311155694,-0.6813766552873526,0.0,0.0,-1.870910352165808,-2.9364193254200526,0.0,0.0,-1.579274096069328,0.0,-8.523951741390363,0.0,0.0,0.0,4.954479660100471,8.113828717033247,-5.106944860438004,-10.41010682344189,0.0,-1.8236304973181041,-4.100732405759259,-4.915876639704027,-2.3782547320740735,8.75206120935224
0.0,-5.302999090598947,0.0,-1.0294927119494672,0.0,0.0,8.00786860820059,0.6215501488363486,8.262643810489774,0.0,-11.039271616981669,0.0,0.0,-0.17079905683521002,10.433953201268805,0.0,0.0,0.0,-2.509499107635809,-5.158158419659403,0.0,0.0,6.469207367801699,-12.264660859245547,0.0,-12.56481108574328,11.085420526469136,0.0,0.0,0.0,-3.0618450052253907,0.9884573554442317,0.0,12.875275797435396,0.0,0.0,-0.08006851463730102,-5.975112823015592,5.732251290944825,0.27180351284456794,5.586814469442231,0.0,7.21219864129619,0.9689226894238079,0.0,2.7941104069811393,0.0,1.5736860791897125,0.0,10.357731134749137,-4.303227237268097,6.137379857867197,0.0,-2.39857218170977,0.0,0.0,-1.4275671141347746,-4.3412192756204195,0.0,4.1850634154867326,-0.8791877938071886,2.580818813174335,-1.8928682848135976,8.40765351368122,-14.496410240238209,-4.248502510744194,0.0,1.673705090463903,0.0,-1.8771428219000708,0.0,0.0,0.0,0.0,0.0,0.0,-0.9101503311155694,-0.6813766552873526,0.0,0.0,-1.870910352165808,-2.9364193254200526,0.0,0.0,-1.579274096069328,0.0,-8.523951741390363,0.0,0.0,0.0,4.954479660100471,8.113828717033247,-5.106944860438004,-10.41010682344189,0.0,-1.8236304973181041,-4.100732405759259,-4.915876639704027,-2.3782547320740735,8.75206120935224
0.0,5.302999090598947,0.0,1.0294927119494672,0.0,0.0,-8.00786860820059,-0.6215501488363486,-8.262643810489774,0.0,11.039271616981669,0.0,0.0,0.17079905683521002,-10.433953201268805,0.0,0.0,0.0,2.509499107635809,5.158158419659403,0.0,0.0,-6.469207367801699,12.264660859245547,0.0,12.56481108574328,-11.085420526469136,0.0,0.0,0.0,3.0618450052253907,-0.9884573554442317,0.0,-12.875275797435396,0.0,0.0,0.08006851463730102,5.975112823015592,-5.732251290944825,-0.27180351284456794,-5.586814469442231,0.0,-7.21219864129619,-0.9689226894238079,0.0,-2.7941104069811393,0.0,-1.5736860791897125,0.0,-10.357731134749137,4.303227237268097,-6.137379857867197,0.0,2.39857218170977,0.0,0.0,1.4275671141347746,4.3412192756204195,0.0,-4.1850634154867326,0.8791877938071886,-2.580818813174335,1.8928682848135976,-8.40765351368122,14.496410240238209,4.248502510744194,0.0,-1.673705090463903,0.0,1.8771428219000708,0.0,0.0,0.0,0.0,0.0,0.0,0.9101503311155694,0.6813766552873526,0.0,0.0,1.870910352165808,2.9364193254200526,0.0,0.0,1.579274096069328,0.0,8.523951741390363,0.0,0.0,0.0,-4.954479660100471,-8.113828717033247,5.106944860438004,10.41010682344189,0.0,1.8236304973181041,4.100732405759259,4.915876639704027,2.3782547320740735,-8.75206120935224
0.0,-5.302999090598947,0.0,-1.0294927119494672,0.0,0.0,8.00786860820059,0.6215501488363486,8.262643810489774,0.0,-11.039271616981669,0.0,0.0,-0.17079905683521002,10.433953201268805,0.0,0.0,0.0,-2.509499107635809,-5.158158419659403,0.0,0.0,6.469207367801699,-12.264660859245547,0.0,-12.56481108574328,11.085420526469136,0.0,0.0,0.0,-3.0618450052253907,0.9884573554442317,0.0,12.875275797435396,0.0,0.0,-0.08006851463730102,-5.975112823015592,5.732251290944825,0.27180351284456794,5.586814469442231,0.0,7.21219864129619,0.9689226894238079,0.0,2.7941104069811393,0.0,1.5736860791897125,0.0,10.357731134749137,-4.303227237268097,6.137379857867197,0.0,-2.39857218170977,0.0,0.0,-1.4275671141347746,-4.3412192756204195,0.0,4.1850634154867326,-0.8791877938071886,2.580818813174335,-1.8928682848135976,8.40765351368122,-14.496410240238209,-4.248502510744194,0.0,1.673705090463903,0.0,-1.8771428219000708,0.0,0.0,0.0,0.0,0.0,0.0,-0.9101503311155694,-0.6813766552873526,0.0,0.0,-1.870910352165808,-2.9364193254200526,0.0,0.0,-1.579274096069328,0.0,-8.523951741390363,0.0,0.0,0.0,4.954479660100471,8.113828717033247,-5.106944860438004,-10.41010682344189,0.0,-1.8236304973181041,-4.100732405759259,-4.915876639704027,-2.3782547320740735,8.75206120935224
0.0,5.302999090598947,0.0,1.0294927119494672,0.0,0.0,-8.00786860820059,-0.6215501488363486,-8.262643810489774,0.0,11.039271616981669,0.0,0.0,0.17079905683521002,-10.433953201268805,0.0,0.0,0.0,2.509499107635809,5.158158419659403,0.0,0.0,-6.469207367801699,12.264660859245547,0.0,12.56481108574328,-11.085420526469136,0.0,0.0,0.0,3.0618450052253907,-0.9884573554442317,0.0,-12.875275797435396,0.0,0.0,0.08006851463730102,5.975112823015592,-5.732251290944825,-0.27180351284456794,-5.586814469442231,0.0,-7.21219864129619,-0.9689226894238079,0.0,-2.7941104069811393,0.0,-1.5736860791897125,0.0,-10.357731134749137,4.303227237268097,-6.137379857867197,0.0,2.39857218170977,0.0,0.0,1.4275671141347746,4.3412192756204195,0.0,-4.1850634154867326,0.8791877938071886,-2.580818813174335,1.8928682848135976,-8.40765351368122,14.496410240238209,4.248502510744194,0.0,-1.673705090463903,0.0,1.8771428219000708,0.0,0.0,0.0,0.0,0.0,0.0,0.9101503311155694,0.6813766552873526,0.0,0.0,1.870910352165808,2.9364193254200526,0.0,0.0,1.579274096069328,0.0,8.523951741390363,0.0,0.0,0.0,-4.954479660100471,-8.113828717033247,5.106944860438004,10.41010682344189,0.0,1.8236304973181041,4.100732405759259,4.915876639704027,2.3782547320740735,-8.75206120935224
0.0,5.302999090598947,0.0,1.0294927119494672,0.0,0.0,-8.00786860820059,-0.6215501488363486,-8.262643810489774,0.0,11.039271616981669,0.0,0.0,0.17079905683521002,-10.433953201268805,0.0,0.0,0.0,2.509499107635809,5.158158419659403,0.0,0.0,-6.469207367801699,12.264660859245547,0.0,12.56481108574328,-11.085420526469136,0.0,0.0,0.0,3.0618450052253907,-0.9884573554442317,0.0,-12.875275797435396,0.0,0.0,0.08006851463730102,5.975112823015592,-5.732251290944825,-0.27180351284456794,-5.586814469442231,0.0,-7.21219864129619,-0.9689226894238079,0.0,-2.7941104069811393,0.0,-1.5736860791897125,0.0,-10.357731134749137,4.303227237268097,-6.137379857867197,0.0,2.39857218170977,0.0,0.0,1.4275671141347746,4.3412192756204195,0.0,-4.1850634154867326,0.8791877938071886,-2.580818813174335,1.8928682848135976,-8.40765351368122,14.496410240238209,4.248502510744194,0.0,-1.673705090463903,0.0,1.8771428219000708,0.0,0.0,0.0,0.0,0.0,0.0,0.9101503311155694,0.6813766552873526,0.0,0.0,1.870910352165808,2.9364193254200526,0.0,0.0,1.579274096069328,0.0,8.523951741390363,0.0,0.0,0.0,-4.954479660100471,-8.113828717033247,5.106944860438004,10.41010682344189,0.0,1.8236304973181041,4.100732405759259,4.915876639704027,2.3782547320740735,-8.75206120935224
0.0,-5.302999090598947,0.0,-1.0294927119494672,0.0,0.0,8.00786860820059,0.6215501488363486,8.262643810489774,0.0,-11.039271616981669,0.0,0.0,-0.17079905683521002,10.433953201268805,0.0,0.0,0.0,-2.509499107635809,-5.158158419659403,0.0,0.0,6.469207367801699,-12.264660859245547,0.0,-12.56481108574328,11.085420526469136,0.0,0.0,0.0,-3.0618450052253907,0.9884573554442317,0.0,12.875275797435396,0.0,0.0,-0.08006851463730102,-5.975112823015592,5.732251290944825,0.27180351284456794,5.586814469442231,0.0,7.21219864129619,0.9689226894238079,0.0,2.7941104069811393,0.0,1.5736860791897125,0.0,10.357731134749137,-4.303227237268097,6.137379857867197,0.0,-2.39857218170977,0.0,0.0,-1.4275671141347746,-4.3412192756204195,0.0,4.1850634154867326,-0.8791877938071886,2.580818813174335,-1.8928682848135976,8.40765351368122,-14.496410240238209,-4.248502510744194,0.0,1.673705090463903,0.0,-1.8771428219000708,0.0,0.0,0.0,0.0,0.0,0.0,-0.9101503311155694,-0.6813766552873526,0.0,0.0,-1.870910352165808,-2.9364193254200526,0.0,0.0,-1.579274096069328,0.0,-8.523951741390363,0.0,0.0,0.0,4.954479660100471,8.113828717033247,-5.106944860438004,-10.41010682344189,0.0,-1.8236304973181041,-4.100732405759259,-4.915876639704027,-2.3782547320740735,8.75206120935224
0.0,-5.302999090598947,0.0,-1.0294927119494672,0.0,0.0,8.00786860820059,0.6215501488363486,8.262643810489774,0.0,-11.039271616981669,0.0,0.0,-0.17079905683521002,10.433953201268805,0.0,0.0,0.0,-2.509499107635809,-5.158158419659403,0.0,0.0,6.469207367801699,-12.264660859245547,0.0,-12.56481108574328,11.085420526469136,0.0,0.0,0.0,-3.0618450052253907,0.9884573554442317,0.0,12.875275797435396,0.0,0.0,-0.08006851463730102,-5.975112823015592,5.732251290944825,0.27180351284456794,5.586814469442231,0.0,7.21219864129619,0.9689226894238079,0.0,2.7941104069811393,0.0,1.5736860791897125,0.0,10.357731134749137,-4.303227237268097,6.137379857867197,0.0,-2.39857218170977,0.0,0.0,-1.4275671141347746,-4.3412192756204195,0.0,4.1850634154867326,-0.8791877938071886,2.580818813174335,-1.8928682848135976,8.40765351368122,-14.496410240238209,-4.248502510744194,0.0,1.673705090463903,0.0,-1.8771428219000708,0.0,0.0,0.0,0.0,0.0,0.0,-0.9101503311155694,-0.6813766552873526,0.0,0.0,-1.870910352165808,-2.9364193254200526,0.0,0.0,-1.579274096069328,0.0,-8.523951741390363,0.0,0.0,0.0,4.954479660100471,8.113828717033247,-5.106944860438004,-10.41010682344189,0.0,-1.8236304973181041,-4.100732405759259,-4.915876639704027,-2.3782547320740735,8.75206120935224
0.0,5.302999090598947,0.0,1.0294927119494672,0.0,0.0,-8.00786860820059,-0.6215501488363486,-8.262643810489774,0.0,11.039271616981669,0.0,0.0,0.17079905683521002,-10.433953201268805,0.0,0.0,0.0,2.509499107635809,5.158158419659403,0.0,0.0,-6.469207367801699,12.264660859245547,0.0,12.56481108574328,-11.085420526469136,0.0,0.0,0.0,3.0618450052253907,-0.9884573554442317,0.0,-12.875275797435396,0.0,0.0,0.08006851463730102,5.975112823015592,-5.732251290944825,-0.27180351284456794,-5.586814469442231,0.0,-7.21219864129619,-0.9689226894238079,0.0,-2.7941104069811393,0.0,-1.5736860791897125,0.0,-10.357731134749137,4.303227237268097,-6.137379857867197,0.0,2.39857218170977,0.0,0.0,1.4275671141347746,4.3412192756204195,0.0,-4.1850634154867326,0.8791877938071886,-2.580818813174335,1.8928682848135976,-8.40765351368122,14.496410240238209,4.248502510744194,0.0,-1.673705090463903,0.0,1.8771428219000708,0.0,0.0,0.0,0.0,0.0,0.0,0.9101503311155694,0.6813766552873526,0.0,0.0,1.870910352165808,2.9364193254200526,0.0,0.0,1.579274096069328,0.0,8.523951741390363,0.0,0.0,0.0,-4.954479660100471,-8.113828717033247,5.106944860438004,10.41010682344189,0.0,1.8236304973181041,4.100732405759259,4.915876639704027,2.3782547320740735,-8.75206120935224
0.0,5.302999090598947,0.0,1.0294927119494672,0.0,0.0,-8.00786860820059,-0.6215501488363486,-8.262643810489774,0.0,11.039271616981669,0.0,0.0,0.17079905683521002,-10.433953201268805,0.0,0.0,0.0,2.509499107635809,5.158158419659403,0.0,0.0,-6.469207367801699,12.264660859245547,0.0,12.56481108574328,-11.085420526469136,0.0,0.0,0.0,3.0618450052253907,-0.9884573554442317,0.0,-12.875275797435396,0.0,0.0,0.08006851463730102,5.975112823015592,-5.732251290944825,-0.27180351284456794,-5.586814469442231,0.0,-7.21219864129619,-0.9689226894238079,0.0,-2.7941104069811393,0.0,-1.5736860791897125,0.0,-10.357731134749137,4.303227237268097,-6.137379857867197,0.0,2.39857218170977,0.0,0.0,1.4275671141347746,4.3412192756204195,0.0,-4.1850634154867326,0.8791877938071886,-2.580818813174335,1.8928682848135976,-8.40765351368122,14.496410240238209,4.248502510744194,0.0,-1.673705090463903,0.0,1.8771428219000708,0.0,0.0,0.0,0.0,0.0,0.0,0.9101503311155694,0.6813766552873526,0.0,0.0,1.870910352165808,2.9364193254200526,0.0,0.0,1.579274096069328,0.0,8.523951741390363,0.0,0.0,0.0,-4.954479660100471,-8.113828717033247,5.106944860438004,10.41010682344189,0.0,1.8236304973181041,4.100732405759259,4.915876639704027,2.3782547320740735,-8.75206120935224
0.0,0.0,0.0,0.0,0.0,0.0,0.0,0.0,0.0,0.0,0.0,0.0,0.0,0.0,0.0,0.0,0.0,0.0,0.0,0.0,0.0,0.0,0.0,0.0,0.0,0.0,0.0,0.0,0.0,0.0,0.0,0.0,0.0,0.0,0.0,0.0,0.0,0.0,0.0,0.0
-2.3095391816474278,0.0,2.7248771223678987,0.0,0.0,-0.39961039817353494,15.241632376216744,-3.578927016636858,1.8929350772911178,10.504840455690921,7.226898005991348,-5.364238725066013,12.539537110929535,0.0,5.812607639151849,0.0,1.2107431497998657,0.41959062240236855,0.17250780852519462,0.0,6.386855498874385,0.0,0.0,5.404288332368679,0.0,-9.368998847931305,10.422044129162888,13.639346945562227,0.0,8.654501092412987,0.0,0.0,-2.9194457271871617,-6.784371119082531,-4.434953066287996,-8.585054843478042,0.0,-0.7291543778950453,0.0,0.0
0.0,0.0,0.0,0.0,0.0,0.0,0.0,0.0,0.0,0.0,0.0,0.0,0.0,0.0,0.0,0.0,0.0,0.0,0.0,0.0,0.0,0.0,0.0,0.0,0.0,0.0,0.0,0.0,0.0,0.0,0.0,0.0,0.0,0.0,0.0,0.0,0.0,0.0,0.0,0.0
-2.538481249860343,0.0,2.9949911819076775,0.0,0.0,-0.4392233355786394,16.752518559434872,-3.933702098905631,2.0805796407744155,11.5461736875684,7.943292423285992,-5.895989785131772,13.78256757493795,0.0,6.388805014451788,0.0,1.3307627809853724,0.461184177367312,0.18960831705108327,0.0,7.019977430257386,0.0,0.0,5.940009465771945,0.0,-10.297737355757697,11.45516985263939,14.991400343748406,0.0,9.51241222689074,0.0,0.0,-3.2088471576235227,-7.456898334844589,-4.874585065386155,-9.436081848001587,0.0,-0.8014346460317898,0.0,0.0
0.0,0.0,0.0,0.0,0.0,0.0,0.0,0.0,0.0,0.0,0.0,0.0,0.0,0.0,0.0,0.0,0.0,0.0,0.0,0.0,0.0,0.0,0.0,0.0,0.0,0.0,0.0,0.0,0.0,0.0,0.0,0.0,0.0,0.0,0.0,0.0,0.0,0.0,0.0,0.0
0.0,0.0,0.0,0.0,0.0,0.0,0.0,0.0,0.0,0.0,0.0,0.0,0.0,0.0,0.0,0.0,0.0,0.0,0.0,0.0,0.0,0.0,0.0,0.0,0.0,0.0,0.0,0.0,0.0,0.0,0.0,0.0,0.0,0.0,0.0,0.0,0.0,0.0,0.0,0.0
-0.38646583019015246,0.0,0.4559662410710401,0.0,0.0,-0.06686864873736037,2.550452556308668,-0.59887834407205,0.31675354631547914,1.7578233441477291,1.2093101341509838,-0.8976227763072775,2.098298508327888,0.0,0.9726504121190402,0.0,0.20259922856155127,0.07021203169675819,0.028866526260194335,0.0,1.0687419517673453,0.0,0.0,0.9043244615863182,0.0,-1.5677577356507917,1.743968653427338,2.282334754246622,0.0,1.4481975348758387,0.0,0.0,-0.4885243019984928,-1.1352600716581327,-0.7421211262563476,-1.4365767741364208,0.0,-0.12201276091319033,0.0,0.0
-0.23291226049198593,0.0,0.2747982347200946,0.0,0.0,-0.040299884017689386,1.5370871724290216,-0.3609274041352821,0.19089859627406483,1.05939148211262,0.7288177504396337,-0.540972405751766,1.2645864409827547,0.0,0.586189485480882,0.0,0.12210094816140829,0.042314848399871846,0.017397056501748272,0.0,0.6441011971130074,0.0,0.0,0.5450113260016604,0.0,-0.9448441998987563,1.0510416434412013,1.3754999932321241,0.0,0.8727885756960463,0.0,0.0,-0.29442007700332484,-0.6841898270956821,-0.4472558647427578,-0.8657850648006001,0.0,-0.07353371432392036,0.0,0.0
-2.3218190126031764,0.0,2.7393653071554787,0.0,0.0,-0.401735128585872,15.322672208992431,-3.597956188826919,1.902999822216883,10.560694743004191,7.265323457507051,-5.392760408211091,12.606209890161498,0.0,5.843513301973279,0.0,1.2171806769604865,0.42182158776319134,0.17342503337423354,0.0,6.420814440332578,0.0,0.0,5.433022959468736,0.0,-9.418813859943846,10.477458188009113,13.711867418983612,0.0,8.70051711641712,0.0,0.0,-2.934968434183961,-6.820443653008527,-4.458533733108226,-8.630701621442007,0.0,-0.7330312952352431,0.0,0.0
0.0,0.0,0.0,0.0,0.0,0.0,0.0,0.0,0.0,0.0,0.0,0.0,0.0,0.0,0.0,0.0,0.0,0.0,0.0,0.0,0.0,0.0,0.0,0.0,0.0,0.0,0.0,0.0,0.0,0.0,0.0,0.0,0.0,0.0,0.0,0.0,0.0,0.0,0.0,0.0
-1.2830517350992292,0.0,1.5137904338528982,0.0,0.0,-0.22200134936637736,8.46740467598391,-1.9882531350751647,1.0516096261316128,5.835906089283395,4.0148632678135225,-2.980073193117672,6.966270576991419,0.0,3.229162066670375,0.0,0.672621669056131,0.23310125257139264,0.09583576014005274,0.0,3.5481822931505578,0.0,0.0,3.002322531231552,0.0,-5.204895558172021,5.78990904742509,7.577263855571826,0.0,4.8079602767846925,0.0,0.0,-1.6218819475162944,-3.769019900189246,-2.463813678504257,-4.769379796791036,0.0,-0.40507768698953217,0.0,0.0
0.0,0.0,0.0,0.0,0.0,0.0,0.0,0.0,0.0,0.0,0.0,0.0,0.0,0.0,0.0,0.0,0.0,0.0,0.0,0.0,0.0,0.0,0.0,0.0,0.0,0.0,0.0,0.0,0.0,0.0,0.0,0.0,0.0,0.0,0.0,0.0,0.0,0.0,0.0,0.0
0.0,0.0,0.0,0.0,0.0,0.0,0.0,0.0,0.0,0.0,0.0,0.0,0.0,0.0,0.0,0.0,0.0,0.0,0.0,0.0,0.0,0.0,0.0,0.0,0.0,0.0,0.0,0.0,0.0,0.0,0.0,0.0,0.0,0.0,0.0,0.0,0.0,0.0,0.0,0.0
-3.8379911726452383,0.0,4.528199575610175,0.0,0.0,-0.6640723798386762,25.32853782324524,-5.947459305538089,3.1456786595201054,17.45693914152575,12.009655853864853,-8.914289499119672,20.838197127478697,0.0,9.659388758757464,0.0,2.0120124214380857,0.6972755074699798,0.28667339856940566,0.0,10.61367359360205,0.0,0.0,8.980843918510772,0.0,-15.569398068940444,17.319348243364256,22.665860615697916,0.0,14.382046020382402,0.0,0.0,-4.851533595532523,-11.274264872360604,-7.370003009590732,-14.266640275156846,0.0,-1.2117084170274228,0.0,0.0
-0.8584114340721468,0.0,1.0127845835521714,0.0,0.0,-0.14852752345236134,5.6650225333418955,-1.3302185549410581,0.7035676758442616,3.904447792843442,2.6860994307925172,-1.9937846879933185,4.660705529280413,0.0,2.1604348169853926,0.0,0.45001001575187477,0.15595378972645066,0.06411784501492031,0.0,2.3738717366507527,0.0,0.0,2.008670359174781,0.0,-3.4822772442146674,3.8736739856893516,5.0694837586587385,0.0,3.2167121272295947,0.0,0.0,-1.085102003587965,-2.5216206712956057,-1.6483870253975708,-3.1909002879618775,0.0,-0.27101270251773607,0.0,0.0
0.0,0.0,0.0,0.0,0.0,0.0,0.0,0.0,0.0,0.0,0.0,0.0,0.0,0.0,0.0,0.0,0.0,0.0,0.0,0.0,0.0,0.0,0.0,0.0,0.0,0.0,0.0,0.0,0.0,0.0,0.0,0.0,0.0,0.0,0.0,0.0,0.0,0.0,0.0,0.0
0.0,0.0,0.0,0.0,0.0,0.0,0.0,0.0,0.0,0.0,0.0,0.0,0.0,0.0,0.0,0.0,0.0,0.0,0.0,0.0,0.0,0.0,0.0,0.0,0.0,0.0,0.0,0.0,0.0,0.0,0.0,0.0,0.0,0.0,0.0,0.0,0.0,0.0,0.0,0.0
0.0,0.0,0.0,0.0,0.0,0.0,0.0,0.0,0.0,0.0,0.0,0.0,0.0,0.0,0.0,0.0,0.0,0.0,0.0,0.0,0.0,0.0,0.0,0.0,0.0,0.0,0.0,0.0,0.0,0.0,0.0,0.0,0.0,0.0,0.0,0.0,0.0,0.0,0.0,0.0
-0.5216089501466494,0.0,0.6154129388110638,0.0,0.0,-0.09025192640823637,3.4423195438531704,-0.8082999321396296,0.4275189986849584,2.3725160608197355,1.6321934313463955,-1.2115122150566007,2.832051882787848,0.0,1.3127762422760398,0.0,0.27344609187962454,0.0947644559494163,0.038960853148523246,0.0,1.4424700035311189,0.0,0.0,1.2205574106458037,0.0,-2.115986466836506,2.3538165274671647,3.080443708205814,0.0,1.9546172954019676,0.0,0.0,-0.6593562182746668,-1.5322488247658212,-1.0016332397556584,-1.9389328743337175,0.0,-0.164679366590079,0.0,0.0
-3.3728841910631835,0.0,3.979449684879808,0.0,0.0,-0.5835967647981389,22.25909882640224,-5.226716416550571,2.764469573687818,15.341419874663913,10.554265642484955,-7.834011276638362,18.312920092801857,0.0,8.48881567835695,0.0,1.7681866849667611,0.6127761712229564,0.251932881170928,0.0,9.3274555001886,0.0,0.0,7.892500298345754,0.0,-13.682620477447605,15.220502930260613,19.919098171046176,0.0,12.639157693491358,0.0,0.0,-4.263600469801324,-9.907993021160355,-6.47686915392351,-12.537737394142189,0.0,-1.0648675257773357,0.0,0.0
0.0,0.0,0.0,0.0,0.0,0.0,0.0,0.0,0.0,0.0,0.0,0.0,0.0,0.0,0.0,0.0,0.0,0.0,0.0,0.0,0.0,0.0,0.0,0.0,0.0,0.0,0.0,0.0,0.0,0.0,0.0,0.0,0.0,0.0,0.0,0.0,0.0,0.0,0.0,0.0
0.0,0.0,0.0,0.0,0.0,0.0,0.0,0.0,0.0,0.0,0.0,0.0,0.0,0.0,0.0,0.0,0.0,0.0,0.0,0.0,0.0,0.0,0.0,0.0,0.0,0.0,0.0,0.0,0.0,0.0,0.0,0.0,0.0,0.0,0.0,0.0,0.0,0.0,0.0,0.0
-2.022808037059938,0.0,2.386581438811019,0.0,0.0,-0.3499984462448268,13.349371473547407,-3.1346003526729325,1.65792566690548,9.200656074882678,6.329672813389579,-4.6982641784113985,10.982743505960501,0.0,5.09096773165171,0.0,1.0604284151972923,0.36749810958611506,0.15109082552626338,0.0,5.593922258313013,0.0,0.0,4.733341594796748,0.0,-8.2058301151151,9.128138978800994,11.946011066178146,0.0,7.580037829879743,0.0,0.0,-2.556994195050643,-5.942085994959528,-3.884350080638938,-7.519213388534232,0.0,-0.6386292761707734,0.0,0.0
-2.502902709778464,0.0,2.9530143448456587,0.0,0.0,-0.43306732199743175,16.517720625405587,-3.878568590315097,2.051418902972272,11.384346215587628,7.831961781044881,-5.8133534808832374,13.589395522584553,0.0,6.299261569805707,0.0,1.3121112361116942,0.45472036766200336,0.18695082761387322,0.0,6.921587675205998,0.0,0.0,5.856756195779766,0.0,-10.153407567509449,11.294617861258999,14.781285678515841,0.0,9.379089304096487,0.0,0.0,-3.163872983707362,-7.352384836347264,-4.806264442517299,-9.303828747348003,0.0,-0.7902019947453494,0.0,0.0
0.0,0.0,0.0,0.0,0.0,0.0,0.0,0.0,0.0,0.0,0.0,0.0,0.0,0.0,0.0,0.0,0.0,0.0,0.0,0.0,0.0,0.0,0.0,0.0,0.0,0.0,0.0,0.0,0.0,0.0,0.0,0.0,0.0,0.0,0.0,0.0,0.0,0.0,0.0,0.0
-0.4024104708874108,0.0,0.4747782997733063,0.0,0.0,-0.06962748663385379,2.655678028909277,-0.6235866087403636,0.32982202764304613,1.8303468622499584,1.2592033305846848,-0.934656510034404,2.1848692040461084,0.0,1.0127796037157402,0.0,0.21095798023531814,0.07310880944675614,0.030057488962305166,0.0,1.1128356467018559,0.0,0.0,0.9416346905569901,0.0,-1.6324396087752533,1.8159205606696895,2.376498338099358,0.0,1.507946644754166,0.0,0.0,-0.5086796271495218,-1.1820981425210244,-0.7727392399099662,-1.495846439675445,0.0,-0.12704671082872124,0.0,0.0
-0.1494903695265115,0.0,0.17637409712467012,0.0,0.0,-0.02586572532057509,0.9865505959862575,-0.23165449041822503,0.12252468650135405,0.6799505693677447,0.4677780147793057,-0.34721300058937865,0.8116511082817501,0.0,0.37623473582709005,0.0,0.07836820535608688,0.027158992448028774,0.01116597468774914,0.0,0.4134042826491951,0.0,0.0,0.34980530586076897,0.0,-0.6064305429413244,0.6745913818958593,0.8828388932280337,0.0,0.5601829908984503,0.0,0.0,-0.18896800887287515,-0.43913441852638235,-0.28706279502875226,-0.5556879186788442,0.0,-0.04719623648716432,0.0,0.0
0.0,0.0,0.0,0.0,0.0,0.0,0.0,0.0,0.0,0.0,0.0,0.0,0.0,0.0,0.0,0.0,0.0,0.0,0.0,0.0,0.0,0.0,0.0,0.0,0.0,0.0,0.0,0.0,0.0,0.0,0.0,0.0,0.0,0.0,0.0,0.0,0.0,0.0,0.0,0.0
0.0,0.0,0.0,0.0,0.0,0.0,0.0,0.0,0.0,0.0,0.0,0.0,0.0,0.0,0.0,0.0,0.0,0.0,0.0,0.0,0.0,0.0,0.0,0.0,0.0,0.0,0.0,0.0,0.0,0.0,0.0,0.0,0.0,0.0,0.0,0.0,0.0,0.0,0.0,0.0
0.0,0.0,0.0,0.0,0.0,0.0,0.0,0.0,0.0,0.0,0.0,0.0,0.0,0.0,0.0,0.0,0.0,0.0,0.0,0.0,0.0,0.0,0.0,0.0,0.0,0.0,0.0,0.0,0.0,0.0,0.0,0.0,0.0,0.0,0.0,0.0,0.0,0.0,0.0,0.0
-2.7252244059969284,0.0,3.2153174521692565,0.0,0.0,-0.4715347627122084,17.98491615512233,-4.223084557527755,2.2336373041836337,12.39556696783641,8.527640051349763,-6.3297277696393,14.79648098034572,0.0,6.858796909174511,0.0,1.428660231204467,0.4951111519496788,0.20355683668573235,0.0,7.536401469791253,0.0,0.0,6.376985754322617,0.0,-11.055289524002234,12.297868443570575,16.094241428453163,0.0,10.212192019165965,0.0,0.0,-3.444905724456543,-8.00546442337297,-5.2331834990033235,-10.130246402479152,0.0,-0.8603921172541662,0.0,0.0
-1.3410028743307234,0.0,1.5821632654384685,0.0,0.0,-0.23202840498289584,8.84984891722832,-2.0780558539415903,1.0991073023312552,6.099494374206163,4.196201162353277,-3.114673094127158,7.280913630804264,0.0,3.3750124758218045,0.0,0.7030017316267001,0.2436296535495151,0.10016433967219666,0.0,3.7084417748722265,0.0,0.0,3.137927360145014,0.0,-5.43998321592238,6.051419800394899,7.9195034244650095,0.0,5.02511970052211,0.0,0.0,-1.695136909873907,-3.9392538751935717,-2.5750958704981883,-4.9847966697749895,0.0,-0.42337368612668813,0.0,0.0
0.0,0.0,0.0,0.0,0.0,0.0,0.0,0.0,0.0,0.0,0.0,0.0,0.0,0.0,0.0,0.0,0.0,0.0,0.0,0.0,0.0,0.0,0.0,0.0,0.0,0.0,0.0,0.0,0.0,0.0,0.0,0.0,0.0,0.0,0.0,0.0,0.0,0.0,0.0,0.0
-2.3226394865560724,0.0,2.7403333317386998,0.0,0.0,-0.4018770919375282,15.328086865935116,-3.599227618391657,1.903672295729254,10.564426633782109,7.267890844811529,-5.394666077613025,12.610664615875898,0.0,5.8455782564041145,0.0,1.2176107987899631,0.42197064917738875,0.17348631753199578,0.0,6.423083398841436,0.0,0.0,5.434942856669825,0.0,-9.422142237994553,10.481160665027847,13.71671285697933,0.0,8.703591665997427,0.0,0.0,-2.936005580119863,-6.822853830689955,-4.460109269692373,-8.633751499936919,0.0,-0.73329033053521,0.0,0.0
0.0,0.0,0.0,0.0,0.0,0.0,0.0,0.0,0.0,0.0,0.0,0.0,0.0,0.0,0.0,0.0,0.0,0.0,0.0,0.0,0.0,0.0,0.0,0.0,0.0,0.0,0.0,0.0,0.0,0.0,0.0,0.0,0.0,0.0,0.0,0.0,0.0,0.0,0.0,0.0
0.0,0.0,0.0,0.0,0.0,0.0,0.0,0.0,0.0,0.0,0.0,0.0,0.0,0.0,0.0,0.0,0.0,0.0,0.0,0.0,0.0,0.0,0.0,0.0,0.0,0.0,0.0,0.0,0.0,0.0,0.0,0.0,0.0,0.0,0.0,0.0,0.0,0.0,0.0,0.0
-0.07938684651293294,0.0,0.09366344749592818,0.0,0.0,-0.0137359909703482,0.5239076001274714,-0.12302009509449956,0.06506672310822807,0.3610876851649331,0.24841347023912067,-0.1843874309254116,0.4310272438238105,0.0,0.1997994206619583,0.0,0.0416174279975563,0.014422780355327139,0.005929689795478298,0.0,0.21953830496512688,0.0,0.0,0.18576407439312362,0.0,-0.32204488212666843,0.35824168916791915,0.46883151024596315,0.0,0.29748512401478944,0.0,0.0,-0.1003514431314923,-0.23320229117446542,-0.15244466998577821,-0.2950980163402771,0.0,-0.025063556895751245,0.0,0.0
-2.9845140790766385,0.0,3.5212367038778045,0.0,0.0,-0.5163986257395327,19.696079103746285,-4.624887143729376,2.4461552476990245,13.574934985991309,9.338996722084941,-6.931965530486355,16.204282373758133,0.0,7.51137260326654,0.0,1.5645891636901121,0.5422181749326865,0.2229241172374694,0.0,8.253447401494913,0.0,0.0,6.983719844856131,0.0,-12.107137731501117,13.467941000272274,17.62551738109273,0.0,11.183824272366822,0.0,0.0,-3.7726690004345453,-8.767139039459602,-5.731091280702617,-11.094081994196177,0.0,-0.9422535560084483,0.0,0.0
-0.26153417210021845,0.0,0.30856739211714584,0.0,0.0,-0.04525221978455647,1.7259753532851136,-0.40528072515122027,0.2143575706412813,1.1895770262118974,0.8183800482230593,-0.6074509343926088,1.4199877979500628,0.0,0.6582246097962307,0.0,0.13710557925371378,0.047514797290748555,0.019534930276124345,0.0,0.7232529235682128,0.0,0.0,0.6119861858280791,0.0,-1.060953360987697,1.1802011001035548,1.5445311946822036,0.0,0.9800430302854255,0.0,0.0,-0.3306005056414648,-0.7682679289226071,-0.5022178396937126,-0.9721788782654059,0.0,-0.08257005902796691,0.0,0.0
-2.5963361979631143,0.0,3.0632505237511745,0.0,0.0,-0.44923374762593193,17.134327994466204,-4.023355757287574,2.1279984771937537,11.809324451245146,8.124329321210539,-6.030366268334882,14.096688363427067,0.0,6.534413331460301,0.0,1.3610924167214031,0.47169510261006214,0.19392971172100557,0.0,7.179970902705728,0.0,0.0,6.075389208833318,0.0,-10.532434799485557,11.71624653278794,15.333071840799308,0.0,9.729211195072683,0.0,0.0,-3.2819805265559294,-7.626849744252796,-4.9856825438473305,-9.651141157830907,0.0,-0.8197002762610786,0.0,0.0
-0.7414412704535484,0.0,0.8747789911912769,0.0,0.0,-0.12828864028922332,4.893086622045127,-1.1489582922697739,0.6076970677724876,3.3724139929176262,2.320082067271218,-1.7221045682767004,4.025621388157222,0.0,1.8660463640831462,0.0,0.3886900669683398,0.1347029773803161,0.05538092175809796,0.0,2.050399617776032,0.0,0.0,1.7349618655053503,0.0,-3.00776988928715,3.3458335330502855,4.378698057099337,0.0,2.778391609932813,0.0,0.0,-0.9372421850153648,-2.178015762509294,-1.4237720069875022,-2.7560969827415,0.0,-0.23408355770679473,0.0,0.0
0.0,0.0,0.0,0.0,0.0,0.0,0.0,0.0,0.0,0.0,0.0,0.0,0.0,0.0,0.0,0.0,0.0,0.0,0.0,0.0,0.0,0.0,0.0,0.0,0.0,0.0,0.0,0.0,0.0,0.0,0.0,0.0,0.0,0.0,0.0,0.0,0.0,0.0,0.0,0.0
-1.639132355594259,0.0,1.9339071152305922,0.0,0.0,-0.28361256586732375,10.817332296613865,-2.5400457017123927,1.3434589708990947,7.455523603196067,5.129093477318813,-3.8071219259919373,8.899593982223813,0.0,4.125339516826017,0.0,0.8592918825198044,0.29779298430999696,0.12243270553418653,0.0,4.532896251295679,0.0,0.0,3.835546040932398,0.0,-6.649391044413954,7.396761171792051,9.680153974135836,0.0,6.142295776935466,0.0,0.0,-2.0719968684057664,-4.815022105715048,-3.1475868105035576,-6.093008198483246,0.0,-0.5174974049058706,0.0,0.0
-1.0221941748350734,0.0,1.2060213326361455,0.0,0.0,-0.1768662010423817,6.7458945722813155,-1.584020906697285,0.8378066173217006,4.64940660314735,3.198600440535545,-2.374193787557173,5.549956411987453,0.0,2.5726403416566543,0.0,0.5358707939581623,0.1857093802276094,0.07635136844148918,0.0,2.8268004883146447,0.0,0.0,2.3919196073287234,0.0,-4.146686976559768,4.612761231054409,6.036728498523756,0.0,3.8304527037544958,0.0,0.0,-1.2921367343719017,-3.002739547764968,-1.9628951203992169,-3.799716030530008,0.0,-0.32272124394449425,0.0,0.0
0.0,0.0,0.0,0.0,0.0,0.0,0.0,0.0,0.0,0.0,0.0,0.0,0.0,0.0,0.0,0.0,0.0,0.0,0.0,0.0,0.0,0.0,0.0,0.0,0.0,0.0,0.0,0.0,0.0,0.0,0.0,0.0,0.0,0.0,0.0,0.0,0.0,0.0,0.0,0.0
-1.6006946543229763,0.0,1.8885569372977729,0.0,0.0,-0.27696184297335835,10.563665540570424,-2.480481556349385,1.3119548190730377,7.280691358501129,5.00881608653899,-3.717844806426096,8.690898245264608,0.0,4.0286001855272415,0.0,0.8391414629564253,0.29080973019233813,0.1195616550390288,0.0,4.426599702755002,0.0,0.0,3.7456023750469423,0.0,-6.493462631599198,7.223306907817568,9.453154082731121,0.0,5.99825876284815,0.0,0.0,-2.023408481756575,-4.702109697706973,-3.0737758085215354,-5.950126979539907,0.0,-0.5053620757541109,0.0,0.0
0.0,0.0,0.0,0.0,0.0,0.0,0.0,0.0,0.0,0.0,0.0,0.0,0.0,0.0,0.0,0.0,0.0,0.0,0.0,0.0,0.0,0.0,0.0,0.0,0.0,0.0,0.0,0.0,0.0,0.0,0.0,0.0,0.0,0.0,0.0,0.0,0.0,0.0,0.0,0.0
-1.0926918331278277,0.0,1.2891969971968178,0.0,0.0,-0.18906413105566433,7.211138634655635,-1.6932660651594151,0.8955876202636155,4.970062194855885,3.4191982940777166,-2.5379347934017726,5.932720215875398,0.0,2.7500676095683776,0.0,0.5728281911450762,0.19851719771606022,0.08161709271881717,0.0,3.0217564172301565,0.0,0.0,2.5568831096578246,0.0,-4.432671507402641,4.930889501649775,6.453063509397522,0.0,4.094627507782714,0.0,0.0,-1.381251519223775,-3.2098294645262615,-2.0982700940286114,-4.061771018637356,0.0,-0.34497835765098,0.0,0.0
0.0,0.0,0.0,0.0,0.0,0.0,0.0,0.0,0.0,0.0,0.0,0.0,0.0,0.0,0.0,0.0,0.0,0.0,0.0,0.0,0.0,0.0,0.0,0.0,0.0,0.0,0.0,0.0,0.0,0.0,0.0,0.0,0.0,0.0,0.0,0.0,0.0,0.0,0.0,0.0
-0.5653113353818192,0.0,0.6669745796208459,0.0,0.0,-0.09781357667324818,3.730730190882386,-0.8760223801727706,0.4633381692928079,2.571294495962424,1.7689448158748997,-1.313017324439083,3.0693319799809378,0.0,1.422765637686905,0.0,0.29635644731929867,0.10270418313266022,0.04222514187077185,0.0,1.563325636408527,0.0,0.0,1.322820360978016,0.0,-2.293271875187141,2.551028244458138,3.338535018934697,0.0,2.11838257973416,0.0,0.0,-0.7145995944670094,-1.6606264693542157,-1.0855538889236722,-2.10138405810931,0.0,-0.17847683137088846,0.0,0.0
-2.2528414579508143,0.0,2.65798311536472,0.0,0.0,-0.3898002160722834,14.867459957745076,-3.49106662581427,1.846464720416149,10.246953277864858,7.049482238558893,-5.232550062889033,12.231699419303203,0.0,5.669911804199018,0.0,1.1810201725408467,0.40928993845480727,0.16827285111854307,0.0,6.2300622427811625,0.0,0.0,5.271616477705921,0.0,-9.138995861961185,10.166189548697323,13.304509619282223,0.0,8.442038573669464,0.0,0.0,-2.8477751842049708,-6.617819106359957,-4.326077778283364,-8.37429718614807,0.0,-0.7112540998748301,0.0,0.0
-0.708527877578778,0.0,0.8359465903484409,0.0,0.0,-0.12259376655144717,4.675877129156851,-1.0979547709159279,0.5807207270459903,3.2227088293281048,2.2170910744241437,-1.6456584538157994,3.846919630386917,0.0,1.7832105151074946,0.0,0.37143568770668356,0.1287233641694038,0.05292250177498023,0.0,1.9593801252559302,0.0,0.0,1.6579450014896864,0.0,-2.8742516782190557,3.197308305287469,4.184322837946583,0.0,2.655055752782933,0.0,0.0,-0.8956369743486468,-2.08133124906825,-1.3605692028039498,-2.6337508085955013,0.0,-0.22369233131118987,0.0,0.0
0.0,0.0,0.0,0.0,0.0,0.0,0.0,0.0,0.0,0.0,0.0,0.0,0.0,0.0,0.0,0.0,0.0,0.0,0.0,0.0,0.0,0.0,0.0,0.0,0.0,0.0,0.0,0.0,0.0,0.0,0.0,0.0,0.0,0.0,0.0,0.0,0.0,0.0,0.0,0.0
-1.020258132203721,0.0,1.2037371201334859,0.0,0.0,-0.17653121526991958,6.733117802661539,-1.5810207604630195,0.8362198059624736,4.6406005958194,3.1925422698220025,-2.369697048580408,5.539444757274209,0.0,2.5677677435738215,0.0,0.5348558510759382,0.18535764541438696,0.07620675843694805,0.0,2.821446509207311,0.0,0.0,2.387389295530279,0.0,-4.138833123580428,4.604024630307284,6.025294894209852,0.0,3.823197800611417,0.0,0.0,-1.2896894187200745,-2.9970523388975736,-1.9591773838599924,-3.7925193428524184,0.0,-0.3221100077413331,0.0,0.0
0.0,0.0,0.0,0.0,0.0,0.0,0.0,0.0,0.0,0.0,0.0,0.0,0.0,0.0,0.0,0.0,0.0,0.0,0.0,0.0,0.0,0.0,0.0,0.0,0.0,0.0,0.0,0.0,0.0,0.0,0.0,0.0,0.0,0.0,0.0,0.0,0.0,0.0,0.0,0.0
0.0,0.0,0.0,0.0,0.0,0.0,0.0,0.0,0.0,0.0,0.0,0.0,0.0,0.0,0.0,0.0,0.0,0.0,0.0,0.0,0.0,0.0,0.0,0.0,0.0,0.0,0.0,0.0,0.0,0.0,0.0,0.0,0.0,0.0,0.0,0.0,0.0,0.0,0.0,0.0
-0.23500980869105284,0.0,0.27727299728144006,0.0,0.0,-0.04066281445752691,1.550929786053255,-0.36417782394975945,0.19261778016748998,1.0689320906263937,0.7353812965434475,-0.5458442647643942,1.275974982772031,0.0,0.5914685579392625,0.0,0.1232005580461749,0.04269592509316165,0.017553729939450632,0.0,0.6499018076225933,0.0,0.0,0.5499195584962102,0.0,-0.9533532249097632,1.0605070554452218,1.387887394082239,0.0,0.8806486861996768,0.0,0.0,-0.2970715488536387,-0.6903514655453412,-0.4512837365758318,-0.8735821034778063,0.0,-0.07419594013257909,0.0,0.0
-2.681951644375441,0.0,3.1642626967006953,0.0,0.0,-0.4640474485159209,17.69934077723768,-4.156027866356507,2.19817025992845,12.198742657375215,8.392233024198575,-6.229220523226206,14.561533504867953,0.0,6.749888782927076,0.0,1.4059750998490568,0.4872494775835926,0.20032463810019846,0.0,7.416733928443661,0.0,0.0,6.27572811704211,0.0,-10.879746949535352,12.10259544937604,15.838687327557992,0.0,10.050036656875141,0.0,0.0,-3.3902054275214093,-7.878348816709676,-5.150087845824983,-9.969392222259431,0.0,-0.8467302907605324,0.0,0.0
0.0,0.0,0.0,0.0,0.0,0.0,0.0,0.0,0.0,0.0,0.0,0.0,0.0,0.0,0.0,0.0,0.0,0.0,0.0,0.0,0.0,0.0,0.0,0.0,0.0,0.0,0.0,0.0,0.0,0.0,0.0,0.0,0.0,0.0,0.0,0.0,0.0,0.0,0.0,0.0
-2.64912502997153,0.0,3.1255326802087446,0.0,0.0,-0.45836758971253877,17.482703972425675,-4.105158819367196,2.1712650442180377,12.049432201958911,8.289513574334187,-6.152975964312655,14.383302906827007,0.0,6.667271336482387,0.0,1.3887662129695941,0.4812856300426842,0.19787269991394915,0.0,7.325954415205225,0.0,0.0,6.198914313395065,0.0,-10.746580768603819,11.954461818802802,15.64482459231582,0.0,9.927025983370905,0.0,0.0,-3.348709911913331,-7.781919218775644,-5.087051680271544,-9.847368622390363,0.0,-0.8363664615627914,0.0,0.0
-0.7254463056428891,0.0,0.8559075582959251,0.0,0.0,-0.12552109501112163,4.787529039194035,-1.1241720439368095,0.5945873400005012,3.299661577732138,2.270031399062333,-1.6849539495189776,3.938777459972291,0.0,1.8257905176419162,0.0,0.3803049335920869,0.13179705688607224,0.05418620016651352,0.0,2.0061667553214577,0.0,0.0,1.6975338788360645,0.0,-2.9428838687014878,3.2736545328299087,4.28423727627854,0.0,2.718453921268785,0.0,0.0,-0.9170232460841452,-2.131029862389266,-1.39305725713788,-2.6966402516281267,0.0,-0.22903371975269252,0.0,0.0
-1.5530402869489124,0.0,1.8323326062838792,0.0,0.0,-0.26871639692404137,10.249174080798541,-2.4066350053962555,1.2728965409951842,7.063937501169149,4.859698351153032,-3.6071606470414816,8.432161042218459,0.0,3.908664510896319,0.0,0.8141593369484839,0.28215201794152817,0.11600217852194701,0.0,4.294815162909562,0.0,0.0,3.634091843581371,0.0,-6.3001454033943824,7.008261446079368,9.1717237198037,0.0,5.819684275879327,0.0,0.0,-1.963169478098374,-4.562122934858408,-2.982266262207251,-5.7729854265025775,0.0,-0.4903169139864582,0.0,0.0
-1.1044421978602756,0.0,1.30306049875304,0.0,0.0,-0.1910972500288044,7.288684294396589,-1.7114747615653783,0.905218406244544,5.023508227636542,3.455966965563958,-2.5652267146786762,5.996518282520184,0.0,2.779640721100492,0.0,0.5789881531498399,0.20065197113351127,0.08249476982664627,0.0,3.054251159991646,0.0,0.0,2.584378793441525,0.0,-4.480338658718319,4.983914287177758,6.52245713674808,0.0,4.13865947105111,0.0,0.0,-1.3961049377687533,-3.244346668548165,-2.120834039474646,-4.105449656549434,0.0,-0.348688114971666,0.0,0.0
-0.012732002639897187,0.0,0.015021673150674333,0.0,0.0,-0.002202967884202156,0.08402390623739525,-0.01972987017752879,0.01043535203591264,0.057910970931504796,0.03984036522165233,-0.029571917268734794,0.06912782466221702,0.0,0.032043680572493356,0.0,0.006674571750929747,0.00231311464839162,0.0009509991824338542,0.0,0.03520938796730247,0.0,0.0,0.029792702311030834,0.0,-0.05164931559202497,0.0574545322374547,0.07519084443222152,0.0,0.04771044008744452,0.0,0.0,-0.016094288852492783,-0.03740080778217665,-0.02444896133241653,-0.04732759755686663,0.0,-0.004019674374015246,0.0,0.0
-1.1338604715444836,0.0,1.3377692326765216,0.0,0.0,-0.19618737716496268,7.482828007653617,-1.757062147701918,0.9293300916459863,5.157315990670039,3.548021200935907,-2.6335549094005573,6.156243450871505,0.0,2.8536801154984306,0.0,0.5944102657622293,0.20599660086018912,0.08469212675576195,0.0,3.1356051653882333,0.0,0.0,2.6532171290252444,0.0,-4.599678384342228,5.116667413419117,6.696191379711735,0.0,4.248898121150681,0.0,0.0,-1.433292032965519,-3.3307641183764205,-2.1773252495469566,-4.214803719466531,0.0,-0.3579758825130913,0.0,0.0
-2.0927486286810812,0.0,2.4690998561419546,0.0,0.0,-0.36209998922288583,13.81093921577734,-3.242982264918268,1.71525008913577,9.518777872596742,6.548527520917922,-4.860711316355404,11.362482741892451,0.0,5.2669929839506855,0.0,1.097093778084899,0.38020472075889983,0.15631494048538377,0.0,5.787337661584669,0.0,0.0,4.897001569159032,0.0,-8.489554819822084,9.443753426084527,12.359056232191826,0.0,7.842125146431535,0.0,0.0,-2.645404802234904,-6.147539504307467,-4.018655332410821,-7.77919763977543,0.0,-0.660710516003539,0.0,0.0
0.0,0.0,0.0,0.0,0.0,0.0,0.0,0.0,0.0,0.0,0.0,0.0,0.0,0.0,0.0,0.0,0.0,0.0,0.0,0.0,0.0,0.0,0.0,0.0,0.0,0.0,0.0,0.0,0.0,0.0,0.0,0.0,0.0,0.0,0.0,0.0,0.0,0.0,0.0,0.0
-2.3118694009054375,0.0,2.7276263985857296,0.0,0.0,-0.40001358676324344,15.25701048522169,-3.5825379900827508,1.8948449620881878,10.515439358591848,7.234189615089412,-5.369650996258915,12.55218892956704,0.0,5.818472294043889,0.0,1.2119647341863036,0.42001397012323505,0.1726818610031854,0.0,6.393299543556488,0.0,0.0,5.4097410117810885,0.0,-9.378451738671243,10.4325594943624,13.653108421951885,0.0,8.663233087641414,0.0,0.0,-2.9223913142160653,-6.791216238819315,-4.439427730812224,-8.593716770621912,0.0,-0.7298900612672673,0.0,0.0
0.0,0.0,0.0,0.0,0.0,0.0,0.0,0.0,0.0,0.0,0.0,0.0,0.0,0.0,0.0,0.0,0.0,0.0,0.0,0.0,0.0,0.0,0.0,0.0,0.0,0.0,0.0,0.0,0.0,0.0,0.0,0.0,0.0,0.0,0.0,0.0,0.0,0.0,0.0,0.0
-0.03811628863870691,0.0,0.044970963786419724,0.0,0.0,-0.006595110141818891,0.2515456172354411,-0.059066075287663916,0.03124071691604487,0.17337031304533465,0.1192716419568904,-0.08853059224814604,0.2069506418051028,0.0,0.0959304056315798,0.0,0.01998192355073624,0.006924860769054004,0.0028470430267767987,0.0,0.10540770627461574,0.0,0.0,0.08919156496683633,0.0,-0.1546245533226803,0.17200385487686318,0.22510173854235133,0.0,0.14283258941167273,0.0,0.0,-0.048182094890084924,-0.11196824451473353,-0.07319380096126796,-0.14168645892368867,0.0,-0.012033854610857658,0.0,0.0
0.0,0.0,0.0,0.0,0.0,0.0,0.0,0.0,0.0,0.0,0.0,0.0,0.0,0.0,0.0,0.0,0.0,0.0,0.0,0.0,0.0,0.0,0.0,0.0,0.0,0.0,0.0,0.0,0.0,0.0,0.0,0.0,0.0,0.0,0.0,0.0,0.0,0.0,0.0,0.0
0.0,0.0,0.0,0.0,0.0,0.0,0.0,0.0,0.0,0.0,0.0,0.0,0.0,0.0,0.0,0.0,0.0,0.0,0.0,0.0,0.0,0.0,0.0,0.0,0.0,0.0,0.0,0.0,0.0,0.0,0.0,0.0,0.0,0.0,0.0,0.0,0.0,0.0,0.0,0.0
0.0,0.0,0.0,0.0,0.0,0.0,0.0,0.0,0.0,0.0,0.0,0.0,0.0,0.0,0.0,0.0,0.0,0.0,0.0,0.0,0.0,0.0,0.0,0.0,0.0,0.0,0.0,0.0,0.0,0.0,0.0,0.0,0.0,0.0,0.0,0.0,0.0,0.0,0.0,0.0
0.0,0.0,0.0,0.0,0.0,0.0,0.0,0.0,0.0,0.0,0.0,0.0,0.0,0.0,0.0,0.0,0.0,0.0,0.0,0.0,0.0,0.0,0.0,0.0,0.0,0.0,0.0,0.0,0.0,0.0,0.0,0.0,0.0,0.0,0.0,0.0,0.0,0.0,0.0,0.0
0.0,0.0,0.0,0.0,0.0,0.0,0.0,0.0,0.0,0.0,0.0,0.0,0.0,0.0,0.0,0.0,0.0,0.0,0.0,0.0,0.0,0.0,0.0,0.0,0.0,0.0,0.0,0.0,0.0,0.0,0.0,0.0,0.0,0.0,0.0,0.0,0.0,0.0,0.0,0.0
0.0,0.0,0.0,0.0,0.0,0.0,0.0,0.0,0.0,0.0,0.0,0.0,0.0,0.0,0.0,0.0,0.0,0.0,0.0,0.0,0.0,0.0,0.0,0.0,0.0,0.0,0.0,0.0,0.0,0.0,0.0,0.0,0.0,0.0,0.0,0.0,0.0,0.0,0.0,0.0
-4.601652864007058,0.0,5.429195015980351,0.0,0.0,-0.7962057313660974,30.368266463498998,-7.130850988391405,3.7715879379810637,20.9304217711457,14.399268984661797,-10.688004208185756,24.98446327231028,0.0,11.581359087821564,0.0,2.4123512288192943,0.8360154288056237,0.34371404368091263,0.0,12.725522100659997,0.0,0.0,10.76780124805031,0.0,-18.667308493423732,20.7654538173112,27.175784863914807,0.0,17.243703876046254,0.0,0.0,-5.816864203291459,-13.517554081218796,-8.83644436145207,-17.105335350911258,0.0,-1.4528072777490726,0.0,0.0
-0.889136898536592,0.0,1.0490355880203326,0.0,0.0,-0.15384382862105975,5.867792955111287,-1.3778316007574445,0.7287507556174839,4.044201257383395,2.7822440641617012,-2.0651490223313265,4.8275280300476995,0.0,2.2377641261747385,0.0,0.46611740458526546,0.1615359062199419,0.06641284073649076,0.0,2.4588406790396107,0.0,0.0,2.0805675023067556,0.0,-3.6069197891245146,4.012325951017367,5.250937822406285,0.0,3.331849193483113,0.0,0.0,-1.1239414944523634,-2.611878050511959,-1.707388402781657,-3.3051134607085024,0.0,-0.2807131687861317,0.0,0.0
0.0,0.0,0.0,0.0,0.0,0.0,0.0,0.0,0.0,0.0,0.0,0.0,0.0,0.0,0.0,0.0,0.0,0.0,0.0,0.0,0.0,0.0,0.0,0.0,0.0,0.0,0.0,0.0,0.0,0.0,0.0,0.0,0.0,0.0,0.0,0.0,0.0,0.0,0.0,0.0
0.0,0.0,0.0,0.0,0.0,0.0,0.0,0.0,0.0,0.0,0.0,0.0,0.0,0.0,0.0,0.0,0.0,0.0,0.0,0.0,0.0,0.0,0.0,0.0,0.0,0.0,0.0,0.0,0.0,0.0,0.0,0.0,0.0,0.0,0.0,0.0,0.0,0.0,0.0,0.0
-0.46700099666953143,0.0,0.5509845176300956,0.0,0.0,-0.08080332895388745,3.0819384088069675,-0.7236779081551318,0.38276145074754553,2.1241341136991307,1.4613168715412723,-1.0846773464099437,2.535560502767274,0.0,1.1753399042992456,0.0,0.2448186470099304,0.08484343561355895,0.034881988214236326,0.0,1.2914558485346999,0.0,0.0,1.0927755881177232,0.0,-1.8944609533139092,2.1073922600356716,2.7579478486940285,0.0,1.749985740857377,0.0,0.0,-0.5903273151427931,-1.3718356023419038,-0.8967708877152382,-1.7359433432547322,0.0,-0.14743885875971305,0.0,0.0
-1.4767934218234684,0.0,1.7423738213957212,0.0,0.0,-0.25552370447076656,9.745988554735268,-2.2884807139688776,1.2104033966154104,6.717131887411154,4.621110358398085,-3.4300662769520156,8.01818218339237,0.0,3.7167677402282413,0.0,0.7741879996453879,0.2682997006271305,0.11030702525750918,0.0,4.0839602383999,0.0,0.0,3.455675280289643,0.0,-5.990838335908696,6.664189260873627,8.721435863584865,0.0,5.533965556420097,0.0,0.0,-1.8667872273139943,-4.338144474658112,-2.8358512236705473,-5.489559397645043,0.0,-0.4662446938878439,0.0,0.0
0.0,0.0,0.0,0.0,0.0,0.0,0.0,0.0,0.0,0.0,0.0,0.0,0.0,0.0,0.0,0.0,0.0,0.0,0.0,0.0,0.0,0.0,0.0,0.0,0.0,0.0,0.0,0.0,0.0,0.0,0.0,0.0,0.0,0.0,0.0,0.0,0.0,0.0,0.0,0.0
0.0,0.0,0.0,0.0,0.0,0.0,0.0,0.0,0.0,0.0,0.0,0.0,0.0,0.0,0.0,0.0,0.0,0.0,0.0,0.0,0.0,0.0,0.0,0.0,0.0,0.0,0.0,0.0,0.0,0.0,0.0,0.0,0.0,0.0,0.0,0.0,0.0,0.0,0.0,0.0
-1.5214281526750326,0.0,1.795035476987864,0.0,0.0,-0.26324667479735747,10.040552147445418,-2.357647951049926,1.2469867325318444,6.92015105682136,4.760779193615263,-3.5337368938523404,8.260524408368306,0.0,3.8291036467073094,0.0,0.7975871240469682,0.27640881375566845,0.11364095423542019,0.0,4.207394202389523,0.0,0.0,3.56011990589996,0.0,-6.171905946819602,6.865608287805436,8.98503328801653,0.0,5.701224605317841,0.0,0.0,-1.9232091643411882,-4.4692609247723585,-2.921562233912808,-5.655476310997093,0.0,-0.48033651344440575,0.0,0.0
0.0,0.0,0.0,0.0,0.0,0.0,0.0,0.0,0.0,0.0,0.0,0.0,0.0,0.0,0.0,0.0,0.0,0.0,0.0,0.0,0.0,0.0,0.0,0.0,0.0,0.0,0.0,0.0,0.0,0.0,0.0,0.0,0.0,0.0,0.0,0.0,0.0,0.0,0.0,0.0
-3.0161213289338273,0.0,3.558528070363904,0.0,0.0,-0.5218675027349825,19.904668802754063,-4.673866629045921,2.472061052816693,13.718699213778121,9.437900595542871,-7.005377938911411,16.37589248789178,0.0,7.59092117444143,0.0,1.5811588160054746,0.5479604917313757,0.22528497668930283,0.0,8.340854854530928,0.0,0.0,7.057680353073023,0.0,-12.235357373692704,13.610572117090188,17.812178967188775,0.0,11.30226563962784,0.0,0.0,-3.812623139891009,-8.859986701360613,-5.791785929568059,-11.211572953272231,0.0,-0.95223241447066,0.0,0.0
0.0,0.0,0.0,0.0,0.0,0.0,0.0,0.0,0.0,0.0,0.0,0.0,0.0,0.0,0.0,0.0,0.0,0.0,0.0,0.0,0.0,0.0,0.0,0.0,0.0,0.0,0.0,0.0,0.0,0.0,0.0,0.0,0.0,0.0,0.0,0.0,0.0,0.0,0.0,0.0
0.0,0.0,0.0,0.0,0.0,0.0,0.0,0.0,0.0,0.0,0.0,0.0,0.0,0.0,0.0,0.0,0.0,0.0,0.0,0.0,0.0,0.0,0.0,0.0,0.0,0.0,0.0,0.0,0.0,0.0,0.0,0.0,0.0,0.0,0.0,0.0,0.0,0.0,0.0,0.0
0.0,0.0,0.0,0.0,0.0,0.0,0.0,0.0,0.0,0.0,0.0,0.0,0.0,0.0,0.0,0.0,0.0,0.0,0.0,0.0,0.0,0.0,0.0,0.0,0.0,0.0,0.0,0.0,0.0,0.0,0.0,0.0,0.0,0.0,0.0,0.0,0.0,0.0,0.0,0.0
-1.1888872403497894,0.0,1.4026917871960125,0.0,0.0,-0.20570844057329424,7.845973083366637,-1.8423331797244453,0.9744309072932237,5.407602901446586,3.720208297355525,-2.7613625372105877,6.455008769516794,0.0,2.9921705205355993,0.0,0.6232572686258575,0.2159937103941092,0.08880227451695069,0.0,3.2877775224204115,0.0,0.0,2.7819789733730578,0.0,-4.822902886285749,5.364981630095477,7.021160619027018,0.0,4.455099096012591,0.0,0.0,-1.5028503528009824,-3.4924076289198753,-2.282991842683919,-4.419350077375021,0.0,-0.37534861630113076,0.0,0.0
-0.5747796283357106,0.0,0.6781456110815604,0.0,0.0,-0.099451837823955,3.7932154873347272,-0.8906947138241714,0.4710985329172539,2.6143606225987446,1.7985725390208698,-1.3350088040065806,3.1207396425206935,0.0,1.4465952710574284,0.0,0.30132006557064406,0.10442435612871973,0.0429323628094464,0.0,1.5895094826918272,0.0,0.0,1.3449760297559168,0.0,-2.3316814533756385,2.5937549354696796,3.3944515124094816,0.0,2.1538629700925034,0.0,0.0,-0.7265682883205933,-1.6884399889402195,-1.10373562630317,-2.13657974343442,0.0,-0.18146610616361925,0.0,0.0
-1.4180863228076217,0.0,1.6731090813557798,0.0,0.0,-0.24536584813312204,9.358555413014146,-2.1975065385118,1.1622861237428932,6.450105151654277,4.437406951161442,-3.2937105500262427,7.699434680585722,0.0,3.5690147447720038,0.0,0.7434116358829176,0.25763395898860775,0.1059219803634575,0.0,3.921610207211053,0.0,0.0,3.3183015163978173,0.0,-5.752684011697354,6.399267158014195,8.374731855266877,0.0,5.313973336066155,0.0,0.0,-1.7925766701867014,-4.165689835129492,-2.7231173801132877,-5.271332459233447,0.0,-0.4477100274915855,0.0,0.0
-0.5188061433316815,0.0,0.6121060868514989,0.0,0.0,-0.08976696786921999,3.423822628349523,-0.8039566236942854,0.42522177360339963,2.359767613573927,1.6234230241832568,-1.2050022909231617,2.8168341716745924,0.0,1.3057221873229092,0.0,0.2719767601712038,0.09425524984227979,0.03875150140198795,0.0,1.4347190537915735,0.0,0.0,1.2139988831748778,0.0,-2.1046164524071873,2.341168560053043,3.063891291656871,0.0,1.9441143800001777,0.0,0.0,-0.6558132420631734,-1.5240154586645058,-0.9962510766050908,-1.9285142373980977,0.0,-0.16379448060253318,0.0,0.0
0.0,0.0,0.0,0.0,0.0,0.0,0.0,0.0,0.0,0.0,0.0,0.0,0.0,0.0,0.0,0.0,0.0,0.0,0.0,0.0,0.0,0.0,0.0,0.0,0.0,0.0,0.0,0.0,0.0,0.0,0.0,0.0,0.0,0.0,0.0,0.0,0.0,0.0,0.0,0.0
-3.2280346793215653,0.0,3.8085510381422574,0.0,0.0,-0.5585340286807888,21.303175226844417,-5.002253530171242,2.6457486081016808,14.682578048977703,10.101009574827504,-7.497577339355236,17.526466309113104,0.0,8.124260971873829,0.0,1.6922513834630553,0.5864603168441659,0.2411135488837542,0.0,8.92688515787628,0.0,0.0,7.553554532681741,0.0,-13.095016283756205,14.566853918607128,19.063666593509588,0.0,12.096365318473449,0.0,0.0,-4.080498883346503,-9.482491322863963,-6.1987180875317405,-11.999300543953844,0.0,-1.01913647411922,0.0,0.0
-1.018182335731411,0.0,1.2012880210391572,0.0,0.0,-0.17617204844503145,6.719418737943257,-1.5778040477374573,0.8345184501305496,4.631158924106973,3.1860467881667054,-2.364875711098626,5.528174315488198,0.0,2.5625434154792157,0.0,0.5337676442253252,0.18498052051400923,0.07605170971414306,0.0,2.8157060514488674,0.0,0.0,2.3825319617622176,0.0,-4.130412337775122,4.594657375311357,6.013035951603815,0.0,3.815419200023044,0.0,0.0,-1.2870654428249035,-2.990954597084946,-1.95519128134958,-3.784803160031061,0.0,-0.32145464926227746,0.0,0.0
-1.6515336033159584,0.0,1.9485385518713736,0.0,0.0,-0.2857583045407772,10.89917341032284,-2.5592630247454395,1.3536232309389857,7.511930149490307,5.167898860290419,-3.8359256171336593,8.966925988220419,0.0,4.156550759230983,0.0,0.865793060697396,0.30004600832944756,0.12335899943924272,0.0,4.56719096161436,0.0,0.0,3.8645647815113686,0.0,-6.699698602103725,7.452723136862521,9.75339149336834,0.0,6.1887667841422696,0.0,0.0,-2.087673056088835,-4.851451306636278,-3.1714006310467178,-6.139106308731545,0.0,-0.5214126552464984,0.0,0.0
-0.3128928710829377,0.0,0.3691622263614238,0.0,0.0,-0.05413861162984203,2.0649132745101646,-0.48486761278196405,0.25645197787237123,1.423179877859765,0.9790891984370718,-0.7267389396108588,1.6988374996483393,0.0,0.7874832811433476,0.0,0.16402964855294308,0.056845502153076724,0.023371096677031317,0.0,0.8652815116170344,0.0,0.0,0.7321647997626387,0.0,-1.269297776801901,1.411962756917051,1.847838070644501,0.0,1.1724987028208431,0.0,0.0,-0.39552208631455726,-0.9191363259001675,-0.6008407257412656,-1.1630902301749295,0.0,-0.09878473098669552,0.0,0.0
-0.12763653943562864,0.0,0.15059016493422994,0.0,0.0,-0.022084443836532415,0.8423278666624172,-0.19778917929868747,0.10461293948233008,0.5805493553616043,0.3993940694615139,-0.2964543199850056,0.6929967396448431,0.0,0.3212334001751953,0.0,0.06691164497829204,0.02318864968763087,0.009533633324234797,0.0,0.3529691724780572,0.0,0.0,0.29866765904523396,0.0,-0.5177771394522707,0.5759736215182486,0.7537776618501358,0.0,0.4782904653687289,0.0,0.0,-0.1613429867955307,-0.3749378485404324,-0.2450974057676084,-0.47445252273442423,0.0,-0.040296671408915595,0.0,0.0
7.304210274925909e-157,2.098574771761071e-135,40.28842488050617,-40.28842488050617
0.0,0.0,0.0,0.0
9.318455651744648e-157,2.6772881949546625e-135,51.398561431947634,-51.398561431947634
0.0,0.0,0.0,0.0
0.0,0.0,0.0,0.0
4.740196992507544e-158,1.3619073722182704e-136,2.6145888913826303,-2.6145888913826303
9.816609192073439e-159,2.8204128330536204e-137,0.5414626730747409,-0.5414626730747409
2.6448566362947168e-157,7.598945269835129e-136,14.58845020889665,-14.58845020889665
1.7511745565466187e-158,5.031304695504392e-137,0.965909549678152,-0.965909549678152
2.348900511838153e-157,6.7486328706086114e-136,12.956021015418242,-12.956021015418242
5.974384507105102e-157,1.716502144858931e-135,32.953397063066525,-32.953397063066525
1.0463527911789801e-156,3.006279237973145e-135,57.71452934567922,-57.71452934567922
7.0372661166179175e-158,2.0218789682438553e-136,3.88160193411694,-3.88160193411694
0.0,0.0,0.0,0.0
1.0395957886737978e-157,2.986865674485276e-136,5.734182787953722,-5.734182787953722
0.0,0.0,0.0,0.0
8.329519558168174e-158,2.3931566791920518e-136,4.594380643201971,-4.594380643201971
7.49902806144761e-157,2.1545479264891394e-135,41.362997142563025,-41.362997142563025
3.1747606418358404e-157,9.121414004478754e-136,17.511284699903886,-17.511284699903886
0.0,0.0,0.0,0.0
6.56122836098573e-157,1.8851084226579943e-135,36.19029929256816,-36.19029929256816
0.0,0.0,0.0,0.0
0.0,0.0,0.0,0.0
3.5341201674723283e-157,1.0153890899457532e-135,19.493433174380385,-19.493433174380385
0.0,0.0,0.0,0.0
3.843031003405168e-157,1.1041423517785468e-135,21.197317720390505,-21.197317720390505
5.286767004992463e-157,1.5189425609695443e-135,29.16064945070848,-29.16064945070848
7.261060949223675e-157,2.0861775264835e-135,40.05042264593653,-40.05042264593653
0.0,0.0,0.0,0.0
3.1742371529716695e-157,9.11990996710538e-136,17.50839724992831,-17.50839724992831
0.0,0.0,0.0,0.0
0.0,0.0,0.0,0.0
3.5815307540091243e-157,1.0290106393091477e-135,19.7549395908626,-19.7549395908626
2.2314365323919344e-157,6.4111467707044075e-136,12.30811541933622,-12.30811541933622
4.3518979514451155e-158,1.2503450621530806e-136,2.40041164075337,-2.40041164075337
3.2551287708432885e-157,9.352319908937236e-136,17.954577705777304,-17.954577705777304
0.0,0.0,0.0,0.0
4.110230495294328e-157,1.1809115152609956e-135,22.671131623864834,-22.671131623864834
0.0,0.0,0.0,0.0
0.0,0.0,0.0,0.0
